﻿<?xml version="1.0" encoding="UTF-8" standalone="yes"?>
<addon id="tutorial.repository" name="Kodish MC Repo" version="1.0.2" provider-name="KodishMC">
	<extension point="xbmc.addon.repository" name="Tutorial Add-on Repository">
		<info compressed="false">https://raw.githubusercontent.com/kodishmediacenter/kodish-repo/master/addons.xml</info>
		<checksum>https://raw.githubusercontent.com/kodishmediacenter/kodish-repo/master/addons.xml.md5</checksum>
		<datadir zip="true">https://raw.githubusercontent.com/kodishmediacenter/kodish-repo/master/repo/</datadir>
	</extension>
	<extension point="xbmc.addon.metadata">
		<summary>Kodish Repository</summary>
		<description>Addon</description>
		<disclaimer></disclaimer>
		<platform>all</platform>
	</extension>
</addon>