<?xml version="1.0" encoding="UTF-8" standalone="yes"?>
<addon id="plugin.video.pernalongatv" name="Pernalonga TV" version="1.0.0" provider-name="HouseGeek">
  <requires>
    <import addon="xbmc.python" version="2.1.0"/>
	<import addon="repository.xbmc-israel" />
  </requires>
  <extension point="xbmc.python.pluginsource" library="default.py">
        <provides>video</provides>
  </extension>
  <extension point="xbmc.addon.metadata">
    <summary lang="en"></summary>
    <description lang="en"></description>
    <platform>all</platform>
  </extension>
</addon>
