<?xml version="1.0" encoding="UTF-8" standalone="yes"?>
<addon id="plugin.video.docanimal" name="Documentario Animal" provider-name="HOUSEGEEK">
  <requires>
    <import addon="xbmc.python" version="2.1.0"/>
    <import addon="script.module.addon.common" version="2.0.0"/>
    <import addon="plugin.video.youtube" version="5.0.0"/>
  </requires>
	
  <extension point="xbmc.python.pluginsource" library="default.py">
    <provides>video</provides>
  </extension>
	
  <extension point="xbmc.addon.metadata">
    <summary lang="en">Documentario de Animal</summary>
    <description lang="en">Esse addon contem todos melhores de videos de animais </description>
    <platform>all</platform>
    <forum></forum>
    <website></website>
  </extension>
</addon>
