<?xml version="1.0" encoding="UTF-8" standalone="yes"?>
<addon id="plugin.video.filmes-familiatv" name="Filmes para Familia" version="1.0.0" provider-name="HouseGeek">
  <requires>
    <import addon="xbmc.python" version="2.1.0"/>
	<import addon="plugin.video.playlistloader"/>
  </requires>
  <extension point="xbmc.python.pluginsource" library="default.py">
        <provides>video</provides>
  </extension>
  <extension point="xbmc.addon.metadata">
    <summary lang="en">Addon de Filmes da Familia Brasileira </summary>
    <description lang="en">Addon de Filmes da Familia Brasileira </description>
    <platform>all</platform>
  </extension>
</addon>
